Title,Company,Location,Link,Review,Salary,Description
Data Scientist Consultant,ANZ Banking Group,Melbourne VIC,https://au.indeed.com/rc/clk?jk=caf9e6dbc03dc0eb&fccid=82e2c70af47d511b&vjs=3,4.1,None,"Requisition Title -
Data Scientist Consultant
Job Number: - AUS122387
Description

Job Title: Data Scientist
Location: Docklands, Melbourne
At ANZ our purpose is to shape a world where people and communities thrive and to achieve this, we need a talented Data Scientist to join our Data Activation Team within the Chief Data Office. Aa a Data Scientist, Data Activation will be a highly skilled practitioner and thought leader that helps ANZ deliver leading customer experiences and business performance improvements through the activation of data analytics. You will bridge the gap between business opportunities and analytics system implementation.
Reporting to the Head of Data Activation, you will be obsessed with driving step changes in customer experience and business improvement through innovating strategic analyses and helping build data analytics pipelines that connects ANZ’s data to customer experiences and business decisioning systems.
You will have a proven track record of being able to deeply understand how the interactions between business and customers generates value. You will have a deep understanding of statistics, optimisation and machine learning, and be comfortable in applying these skills to identify and translate business opportunities into data analytics pipelines. You will demonstrate a systems engineering mindset, keenly focussed on connecting all of the components to deliver customer value.
You will apply analytics to help executives understand the implications of decisions and providing practical alternatives. You apply an entrepreneurial mindset to your work to seek out new ways of generating customer and business value. You will be comfortable working independently to apply new techniques and technologies to demonstrate and motivate new ways to deliver step changes in outcomes. This is a highly technical role, at least 75% of your time will be dedicated to prototyping and directing the implementation of data analytics solutions.

What a typical day might look like
Working with senior stakeholders in the business to explore a specific business problem/opportunity and work up a data analysis brief
Identify relevant data sets generated across the business’ data estate
Explore and apply relevant analysis techniques, including a range of machine learning methods
Apply story telling and visualisation to inform strategic decisions
Prepare and deploy trained models or algorithms to production pipelines.

What will likely be in your toolkit?
High competence in an analytical systems scripting language, e.g. Python or R
Able to comfortably work within a unix server architecture environment
Skilled in software engineering practices including using source control systems.
Good understanding of probability and statistics
Experience in building supervised and unsupervised machine learning models, and demonstrated understanding of how various techniques work and the limitations of each
Coaches/supports team to increase knowledge in data science
Engages and manages consultants/external service providers as and when required.
You’re not expected to have 100% of these skills. At ANZ a growth mindset is at the heart of our culture and we actively encourage people to try new things. So if this role interests you and you feel you have most of these things in your toolbox, we’d love to hear from you.

About ANZ
We’re reinventing the way we do banking, and our community of collaborative, innovative thinkers who create human centred solutions are helping us get there. We’re responding faster to changing customer requirements, focusing on the things that matter and helping people achieve incredible things – be it buying their home, building a business or saving for things big or small.
We support our people by providing a range of flexible working options so they can work in the way that best suits them. We encourage you to talk to us about your need for flexibility and any adjustments you may require to our recruitment process or the role itself.
We’ll also offer you the opportunity to develop your career, working in a diverse and inclusive workplace where the different backgrounds, perspectives and life experiences of our people are celebrated and create a great place to grow, thrive and belong.
Interested in joining us? Click Apply now, or visit www.anz.com/careers to find out more or view other opportunities.
Reference number AUS122387
#GD4.1"
Data Scientist,Monash University,Richmond VIC,https://au.indeed.com/rc/clk?jk=08938bc19f708811&fccid=32277d92eb8a3eca&vjs=3,4.1,"$88,994 - $97,609 a year","The Opportunity
Turning Point within the Eastern Health Clinical School is seeking to appoint a new Data Scientist to provide data management, analytic support and produce bespoke machine learning solutions to improve our national surveillance programs and our telehealth research programs.

As our new Data Scientist, you will work with our team to develop and maintain database systems to assist with the timely collection and collation of data and information. You will generate and develop automated user-friendly reports and data extraction applications, maintain statistical dashboards, analyse data and identify trends that inform decision-making processes.
Ideally, we are seeking someone with advanced knowledge in the following areas:
""Big"" data wrangling, management, visualisation and analysis
Databases, both relational and non-relational
Statistical packages and statistical methods
Machine learning theory and methodology
This role is a full-time position; however, flexible working arrangements may be negotiated.
At Monash University, we are committed to being a Child Safe organisation. Some positions at the University will require the incumbent to hold a valid Working with Children Check.
Your application must address the selection criteria. Please refer to ""How to apply for Monash Jobs"".
Enquiries
Professor Dan Lubman, Professor of Addiction Studies & Services, +61 3 8413 8400
Position Description
Data Scientist
Closing Date
Thursday 3 December 2020, 11:55pm AEDT
Supporting a diverse workforce"
Data Scientist,Department of Justice and Community Safety,Melbourne City Centre VIC,https://au.indeed.com/rc/clk?jk=a1042d7e16229a53&fccid=4a4f11207655e7b8&vjs=3,3.4,"$122,502 - $163,934 a year","Utilise your experience standing up and leading data science functions to help drive the Victorian response to COVID-19
Fixed-term opportunity in the Victorian Public Service
VPS Grade 6: $122,502 - $163,934 per year, plus superannuation
What will the Data Scientist do?
As the Data Scientist, you will establish and leverage strong relationships with key stakeholders to define underlying business processes that generate data, and subsequently identify and implement the use of industry-leading datasets, machine learning tools and algorithms to improve operational systems and resolve issues. You will work collaboratively with a cross-functional team of analysts, report developers and engineers to develop innovative data models and products from proof-of-concept through to implementation and integration with existing systems and processes. You will leverage subject matter expertise in forecasting, statistics, econometric modelling, linear programming and other optimisation algorithms and quantitative techniques to translate stakeholder needs into business requirements, and develop technological solutions to achieve business outcomes across the broader Industry Enforcement Operations group.
Within this role, you will be a senior member of a small team of Intelligence specialists who ensures the High Risk Industry Engagement and Enforcement team and its stakeholders are supported with the appropriate intelligence, information and data to undertake their duties. You will make informed assessments and predictions to support decision making through reporting on high risk industry operations and outbreaks.

Some of your duties will include:
Own the inception, design and implementation of data driven solutions and products in response to key business objectives, including classification, prediction and optimisation models, discovery of data patterns, and dashboard creation, that deliver business insight and optimise outcomes.
Engage and consult with stakeholders across the broader High Risk Industry Engagement and Enforcement Operation to proactively identify and prioritise high-value areas and opportunities for the design and implementation of innovative data-driven technological solutions.
Leverage best-practice approaches, research, and innovative thinking and analysis to shape and inform project deliverables, so as to inform the design of solutions and programs of work that deliver business insights and optimise outcomes
To learn more about this role before applying, please read the attached position description.
What's in it for you
To thrive in this role, you will be intrinsically motivated by the challenge of work that can change constantly and prove very difficult. You will call on your intellect and grit every day. You will take your responsibility to keep Victorians safe seriously and will be proud of a job well done.

Additionally, you will likely appreciate:
✔ Free access to mental health service – personal and confidential counselling support on personal and work-related issues.
✔A fair salary – enjoy great work conditions and salary sacrificing options for superannuation and motor vehicles.
✔Transparent performance framework – approach your work with confidence in how you're tracking, working to professional development plans with performance-based salary increases.
Click here to discover more benefits in working for the department.
If this job sounds like a challenge you would love to take on, then we encourage you to apply now.
If you have any queries, please contact Cathy Bennett at Cathy.Bennett@justice.vic.gov.au

The Department of Justice and Community Safety is continually working towards increasing our Aboriginal and Torres Strait Islander (Aboriginal) workforce. The Aboriginal Employment Team aims to attract, recruit and retain Aboriginal staff in a number of roles, including those in management. This support includes a culturally appropriate attraction and recruitment process. To learn more, click here or email aboriginal.employment@justice.vic.gov.au.
Successful candidates will be required to undergo pre-employment checks which may include national police checks and misconduct screening.
Applications will be regularly reviewed up until the closing date, so please do not delay in submitting your application."
Data Scientist,FXCM,Melbourne VIC,https://au.indeed.com/rc/clk?jk=0a8eec8778e61e6b&fccid=fc17374d6e02d381&vjs=3,None,None,"We’re looking for a Data Scientist to join our growing Data Analytics team. The role aims to further push forward and expand our customer-related models. You would have the opportunity help drive real change in our sales and marketing efforts. This would be ideal for somebody who is passionate about data and analysis, and focused on the practical impact and end-use of a model. Rather than being siloed to one area, our goal is to make use of all the data and tools at our disposal. The current team is large enough to make an impact, but small enough to be flexible. We are continually looking to learn more, improve and expand, and are looking for candidates that have the same values.
The work involves the development of data models, data visualization, algorithms and automation scripts. You would interact heavily with the marketing, sales and business intelligence teams.
We need somebody who is detail oriented, focused on continually learning, and very importantly, must be proactive.

Qualities Needed:
Self-motivated and able to work independently
Able to work efficiently with international staff
Analytical mind and good problem solving skills
Able to deal with ambiguity in defining activities and direction
Proactive and persistent
Good spoken and written English
Able to work in a fast pace MNC culture environment.

Strong experience working with various customer-related models (customer segmentation, lifetime value, markov chains, A/B testing)
Working with raw data from the main platforms marketing / sales platforms (Salesforce, Google Analytics and Ads/Display network, Social Media etc.)
Python and/or R
SQL
Using statistical, analytical and visualization skills to generate insights
Automating regular work flows
Version control software such as git
Strong desire to learn new analytical skills and techniques"
Data Scientist,Templeton and Partners,Sunbury VIC,https://au.indeed.com/rc/clk?jk=09e4d8b48e89563a&fccid=9dfcd754d9d29a36&vjs=3,None,None,"Job Type
Contract

Location
Sunbury

Area
UK

Sector
Internet of Things (IoT)

Salary
Market related

Start Date
ASAP

Job Ref
DATA20MAY19SUN

Description
Templeton & Partners is looking for a Data Scientist to start asap on project in London, Sunbury.
Location: London, Sunbury
Start date: asap
Duration: 6 months
Rate: £500 pd

Job description:
Collaborate with business users to identify, elaborate and prioritize Analytics Uses cases.
Processing, cleansing, and verifying the integrity of data used for analysis
Apply analytical rigor and statistical methods to analyze large amounts of data, using advanced analytics techniques.
Presenting data insights using high impact visualization.
Must Have Skills
A demonstrated ability to solve challenging business problems using a data science approach by developing novel and/or adapting existing computational methods
Minimum 8 years of relevant experience in applying data mining, artificial intelligence, signal processing, machine learning, optimization etc. in business analytics or scientific/engineering settings
Experience with statistical software, scripting languages (Python/R)
Strong skills in communicating and presenting data-derived insights to non-technical audiences appropriately.
A Masters or Ph.D. in Mathematics, Statistics, Computer Science, Operations Research, Engineering Science.

Good to Have Skills
Data science experience in oil & gas industry will be an advantage
Experience in Azure services
Experience in Visualization tools like Tableau / PowerBI

We very much look forward to receiving your application, and will be in touch promptly to discuss in more detail."
Data Scientist,Eliiza,Melbourne VIC,https://au.indeed.com/rc/clk?jk=601afbefb82f08bc&fccid=64168dd758c09ed0&vjs=3,None,None,"We're growing our data science capabilities and are looking for a data scientist to join our Eliiza team in Melbourne.
In this awesome role you will work with other smart, passionate and skilled people to deliver data science products and services to clients.
With our diverse range of clients and projects, no day will look the same - but here's a great snapshot of what's some of the recent projects keeping our data science team busy:
NLP - sentiment analysis - social media, chatbot data, error correction
Prediction/Forecasting - prediction of economic growth from transaction, prediction of fraud transactions in real time, prediction of customer behaviour
Information extraction - satellite image analysis, facial recognition, image processing
Who are we?
Glad you asked! We are Eliiza. Data science. Engineered for scale.
We are a passionate team of data scientists and engineers who apply data science and machine learning to solve real-world problems. Our mission is to create a bright future for Australian businesses and society in a world increasingly influenced by intelligent technologies.
We've created a culture that values diversity where people can truly be themselves! We care a lot about growing the Australian AI community in a positive direction, and we're doing several things to try and achieve that:
We provide opportunities for underrepresented groups to work in AI through our associate and intern programmes
We organise and participate in a range of community events, reading groups and meetups
We produce the AI Australia podcast
We blog about topics we care about
We stream brown bag sessions to the broader community
We're also part of Mantel Group's 'house of brands' which means it's not just the Eliiza team you'll work with, learn from and see at social events - there's another 230 of us across DigIO, Kasna & CMD Solutions!
So you're ready for something new?
We're keen to know more about you! Our team is made up of a range of people, with different experience across a huge range of data driven skill sets.
If you're the right Data Scientist for us, you'll have:
an undergraduate degree in maths or statistics, or a postgraduate in broader disciplines such as the sciences
commercial data science experience across different industries and organisations
an understanding of key statistical and machine learning concepts across different areas of data science
the ability to manipulate complex data sets to visualise and model the data
experience using at least one open source data science language such as Python or R
fundamental software engineering skills
an awareness of relevant data and ML engineering concepts (e.g. database management, processing pipelines, and model deployment)
consulting experience, either with external clients or internally within an organisation
the ability to plan and implement the different phases of a data science project
a genuine passion for and connection to the data science and ML community
However, we value a diverse of skill-sets, and don't necessarily require that you're skilled with all of the above. If you feel you don't fit all the experience/skills listed above we still encourage you to apply or get in touch.
What's on offer if you join us?
We make sure you're always one step ahead by investing your learning and development, every year. We build our own training where it doesn't exist yet.
We hire smart people and get out of their way. By focusing on our five principles and not getting caught up in red tape, we trust you to get the job done.
You'll get all the tools you need - a new iPhone or Google phone, a new Macbook Pro or Dell, and a lot of branded swag!
But hold on, you mentioned a house of brands?
We certainly did! Mantel Group is an Australian-owned, 'house of brands' company with four technology businesses (Eliiza being one of them!) across Melbourne and Sydney. We're building a group of companies with open borders so we can support you to take on new skills without leaving an awesome team - we understand you won't have one job for life!
We may only be just over 2 years old but Mantel Group has already been recognised #9 in the 2020 Best Places to Work in Australia and #4 in the AFR's 2020 fastest growing new companies.
Keen to chat?

Click ""Apply"" to share your details with our talent team, and we'll be in touch.

In the meantime, check out 'how we hire' to find out what's in store if you're successful and get to know us better by visiting our website and following Eliiza on LinkedIn."
Data Scientist,Property Exchange Australia Limited,Melbourne VIC,https://au.indeed.com/rc/clk?jk=b05ddf5b0ac5d662&fccid=fb9737c940cb5fac&vjs=3,None,None,"Hey there, we’re PEXA!

We started as an idea: to deliver a single, national e-Conveyancing solution. We collaborated with the industry to create a national electronic lodgement and settlement platform: PEXA. From our humble beginnings, we’ve now grown to more than 320 employees across 5 different states. We’re still expanding at a rapid rate and constantly challenging ourselves to create great experiences for our members as they transition to fully digital conveyancing.

Why become a PEXArian?

Great question! Being a PEXArian is so much more than just a job. We are passionate, motivated & unashamedly enthusiastic at PEXA - we love what we do and we’re proud to admit it! Creating brilliant member experiences wouldn’t be possible if we didn’t also strive to create an amazing employee experience. Alongside our members, our employees are at the heart of everything we do.
Here’s a snapshot of what your life at PEXA could look like:

Your growth:
We encourage you to hit your personal and professional Learning & Development goals with our tailored programs and tools.

Your wellness:
We care about your holistic well being - a fully stocked kitchen, four wellness days, a $250 wellness subsidy as well as lunch and learn sessions to support your financial well being.

Your work/life blend:
We know that work is just one aspect of your life, we want to help you create your ideal work/life blend, rather than squeezing in life around work.

Your family:
With a range of benefits aimed at supporting your family including access to a subsidised school holiday program, extended parental leave and flexi-time to support your return to work, superannuation payments for unpaid parental leave for primary carers and a childcare allowance for pre-primary aged children, when we say, ‘welcome to the family’, we really mean it!
The impact you'd drive:
The Data Scientist will be responsible for the identification, cleansing, manipulation and modelling of data to contribute to the development of data new and existing products. They will contribute to our ambition to develop a best in class data science platform leveraging next generation technologies and collaborate with product, data and technology to develop working solutions in line with business strategy.
Proactively investigate and analyse property data using strong modelling skills.
Contribute to our ambition to develop a best in class data science platform leveraging next generation technologies.
Collaborate with product, data and technology to develop working solutions in line with business strategy.
Data gathering, analysis and modelling as required by the business
On day one we’d love you to have:
Strong analytical, statistical and modelling skills, with experience manipulating and 'making sense' of data from disparate systems.
Proven experience in creating measurable business value through data science.
Excellent SQL and SAS programming skills.
Proven experience with a programming language like Python, Java, R, SAS and C++.
Proven experience with ETL automating processes.
Proven experience with cloud based data storage.
Sounds like you?
If this role sounds like you, apply today to have your application reviewed ASAP!"
Data Scientist,Western Health Australia,Williamstown VIC,https://au.indeed.com/rc/clk?jk=777714331e2c1603&fccid=c9cfb38bd7f67658&vjs=3,3.8,None,"We are seeking an enthusiastic Data Scientist to join the Performance Unit within Western Health. With the support of a team of intelligence and analytic specialists, this role will be responsible for establishing the use of data science applications at Western Health, and will work to incorporate machine and predictive analytics into operational practice. The Data Scientist will work closely with the business areas on several projects earmarked for this role including prediction of inpatient discharges and forecasting Emergency Department demand. The ideal candidate will have well-developed data management and analysis skills to work in a dynamic and high performing team environment. Prior work experience in public health industry preferred but not essential.
To be Successful in this Role you will have:
Relevant tertiary qualification in Computer Science, Statistics/Mathematics, Data Science or related discipline
Proficient in an appropriate computer language such as R or Python, with ability to build algorithms Experience in machine learning techniques
Developed skills in the extraction, analysis and reporting of data, with a high level of attention to detail
Ability to develop strong working relationships with business stakeholders, with strong interpersonal and communication skills
Possess the ability to manage competing demands with a structured approach to problem resolution
Duties:
Lead the implementation of machine learning and predictive analytic initiatives at Western Health
Design, develop and implement predictive models using statistical modelling, machine learning and artificial intelligence
Support the data collection, analysis and reporting of data to assist business areas with decision-making and improve health outcomes
Provide support to key stakeholders in relation to interpreting and analysing patient activity data and related performance metrics
Meet and discuss with key stakeholders to gather requirements and assist with data model design
About Us
Our workforce of over 7,000 employees are driven by our values of ‘Compassion, Accountability, Respect, Excellence and Safety’ (CARES). We value our people and provide them the opportunity to grow and develop. Our teams are friendly and supportive, ensuring we deliver a safe, person-centred and connected patient experience.
Western Health comprises of three acute public hospitals: Footscray, Sunshine and Williamstown Hospital. We also operate the Joan Kirner Women’s and Children’s, Sunbury Day Hospital, Transition Care at Hazeldean and a range of community based services. We care for a diverse community of over 1 million people with complex care needs ranging from Neonates to Geriatrics.
Our employees enjoy a wide range of benefits such as:
Professional development support
Career advancement opportunities
Salary packaging including novated vehicle leasing
Work-life balance
Western Health is an equal opportunity employer committed to attracting and retaining diversity in our workforce. We encourage applications from Aboriginal and Torres Strait Islander people.
Western Health is committed to providing a safe environment for the children and young people who are involved in our services, sites and operations. We follow and abide by all legislative requirements to keep children and young people safe.
All appointments are made subject to a satisfactory Police Record Check, an Immunisation status clearance and (if applicable) a Working with Children’s Check.
Western Health do not accept unsolicited resumes/applications from Recruitment Agencies."
Data Scientist,Amplifon,Mulgrave VIC,https://au.indeed.com/rc/clk?jk=94cbe3edc6fd0656&fccid=0bf7be4107f4ec81&vjs=3,3.3,None,"About the business
We are proud to be part of Amplifon Group – the global leader in hearing healthcare. With over 16,000 employees located across 29 countries, we transform the way hearing healthcare is perceived and experienced worldwide, changing the lives of millions of customers through the passion and superior care of our People. We offer exclusive, all around, highly customised hearing care solutions and services, guiding our customers through their hearing journey to rediscover all the emotions of sound. Together, we make more possible everyday!
About the role
We have a newly created opportunity for a Data Science leader to join our Marketing and CRM Function. Reporting to the Head of CRM and Operations, you will play a leadership role for data science across the organisation. With exposure to the entire business and customer journey, you will work to optimise marketing campaigns to generate business opportunity and growth.
To be successful you will have a curiosity streak, coupled with an ability to think critically and problem solve means that you always leave things in a much better state than what you found them in.

This is a great opportunity to lead how Amplifon approaches data science and optimise the end-to-end delivery of data and analytics by working across both projects and BaU in agile and traditional models.

The key accountabilities of the Data Scientist includes but not limited to:
Playing a key leadership role in the Amplifon data science community where you will focus on uplifting how Amplifon's data science competencies and acting as a key advocate for data literacy across the company
Use advanced analytics methods to extract insights from business data
Participation in the delivery of a suite strategically-identified, cutting-edge data science use-cases that will cover the entire customer journey
Perform analysis and build data-driven models to answer business questions and needs
Create hypotheses and experiments to identify hidden relationships to direct new Sales strategies
Developing visualisations and presentations that you will use to influence key stakeholders to implement key recommendations from data science initiatives
Develop machine learning models with the aim to facilitate Sales processes
Working with other team members across Marketing/CRM, IT, Reporting & Analytics to develop operational processes, practices and pipelines
Working with our Data Governance function to identify opportunities and uplift data collection and quality practices
Benefits and perks
Attractive and competitive base salary, tools of the trade
4 weeks annual leave + Birthday leave!
A structured career path to help achieve your goals including potential opportunity in the future for a global assignment
Amplifon training, career development and lots of e-learning tools
Yearly flu vaccinations
Join our conferences and team functions throughout the year
About You
Degree in quantitative fields like Mathematics, Statistics, Physics, Economics, Computing and Engineering
A background in data science, that preferably covers both but with one mandatory;
Digital, customer or retail data science with experience in churn analytics, sentiment analysis (including data from voice and social/ text), customer segmentation, life time value model development and supporting call centre analytics and operations
IoT/OT based-data science preferably but not mandatorily in the power generation space with exposure to OSIsoft PI or similar OT technologies
Expertise in management of complex structures of data
Have a strong inclination to data analysis combined with same attention to business impacts
Possess strong analytical skills, mathematic abilities and business acumen
Possess critical thinking, a clear and open communication, relational and team building skills
Excellent written and verbal communication with the ability to share information.
Excellent knowledge of Office package, with advanced expertise in Excel (pivot, macro, statistics formulas)
Excellent knowledge of SQL
Knowledge of R or Python; nice to have knowledge of PowerBI, SSRS, Dataiku
Demonstrated success in influencing stakeholders to deliver business results, sales and customer satisfaction improvements
Able to build long-lasting relationships with customers, both internal and external, based on trust, professionalism and rapport.
Open minded to change and always seek to improve your way of working, knowledge and attitude
A self-starter approach with the confidence to look beyond the “here and now” for the “what could be”
An alignment with company values
A positive “can-do” attitude
Organised, with attention to detail
Ability to work in a fast-paced environment, with conflicting time demands
Ability to manage expectations & deliverables for multiple stakeholders
If this sounds like you, apply NOW today!
As an employer who embraces Equal Opportunity and promotes diversity, we encourage persons of all ages and backgrounds, including Indigenous Australians, to apply."
Data Scientist - Machine Learning/ Computer Vision / NLP,Oracle,Melbourne VIC,https://au.indeed.com/rc/clk?jk=b66a7970689d72a5&fccid=cd22d01053af7669&vjs=3,3.8,None,"Data Scientist - Machine Learning/ Computer Vision / NLP-20000SHB

Applicants are required to read, write, and speak the following languages: English
Preferred Qualifications

Principal Member of Technical Staff - Digital Assistant and Bots Platform Team

We are a newly formed group within Oracle creating innovative products that leverage the power of AI and Machine Learning to bring world-class speech, vision and natural language capabilities to Oracle’s Digital Assistant platform. We are like a start-up inside a large company with a big charter and a lot of creative freedom. We have assembled some of the smartest people in the industry and are growing this team.
If you are looking for an exciting new opportunity as a data scientist to help solve difficult problems, be creative, create success for customers, and engage with the product team to do some innovative research and development, please review our profile.

We are looking for someone who is:

Experienced with Machine Learning and AI especially deep learning models.
Experienced with deep learning frameworks such as TensorFlow or PyTorch.
Experienced with Conversational AI / Chatbots and/or Digital Assistants, including having developed a Chatbot or similar Digital Assistant is a plus.
Ph.D. degree in computer science on natural language processing, speech processing, computer vision is preferred but not a must. A strong publication record is a plus.
Possesses excellent communication skills with an ability to explain and write specifications that embody complex concepts to stakeholders within the team.
Eager to work on a highly sellable, performance optimized infrastructure which elastically handles customer needs.
Able to adapt to a fast-paced work environment and can quickly adjust to changing priorities.
Detail oriented with a focus on quality of the product, data, and code.
An experienced engineer with 3+ years of professional development in Java, C#, C++ or Python. Java and Python preferred. JavaScript, Node.js, HTML/CSS and Mobile development on Android/iOS is a plus.

DUTIES:

Keep track of and experiment with state of the art dialog systems both from academia and industry to keep pushing the market competitiveness of ODA.
Involve in all steps of software life cycle such as planning, coding, testing and maintenance to productize developed models.
Involve in planning and budgeting product roadmap.
Write papers/reports and communicate results to stakeholders and customers.
Require to communicate and coordinate with ODA head office (California) and European team as necessary which may include travel and after-hour participation.
Detailed Description and Job Requirements
Design, develop, troubleshoot and debug software programs for databases, applications, tools, networks etc.

As a member of the software engineering division, you will take an active role in the definition and evolution of standard practices and procedures. You will be responsible for defining and developing software for tasks associated with the developing, designing and debugging of software applications or operating systems.

Work is non-routine and very complex, involving the application of advanced technical/business skills in area of specialization. Leading contributor individually and as a team member, providing direction and mentoring to others. BS or MS degree or equivalent experience relevant to functional area. 7 years of software engineering or related experience.
Job: Product Development
Location: AU-AU,Australia-Melbourne
Job Type: Regular Employee Hire
Organization: Oracle"
Food Scientist,McCain Foods (Aust) Pty.,Ballarat VIC,https://au.indeed.com/rc/clk?jk=f92b6801358bcead&fccid=62877b20e947a8f1&vjs=3,3.7,None,"Position Title: Food Scientist
Position Type: Regular - Full-Time
Position Location: Ballarat
Requisition ID: 5203

Two very exciting opportunities have become available for experienced Food Scientists to join our enthusiastic & high achieving R&D Team.


Based in Ballarat & reporting to the Regional R&D Manager, this role will see you supporting multiple global & regional projects with an emphasis on new product development, product line extensions, product/process improvements, cost optimization & margin improvement.

About the Role

Projects & Execution:

Follow structured product development process to develop commercially viable products in line with the project brief to agreed time, cost and quality requirements
Apply due diligence to Innovation Management process, procedures & documentation ensuring all necessary information is available.
Develop a focused implementation plan including agreed & approved documentation to ensure smooth handover to production & QA
Operate online specification management system to document specifications

Customer and Supplier support:

Interface with customers, suppliers & co-packers, as required to meet R&D and Company objectives
Gather customer needs by developing new concepts, prototypes & products
Coordinate raw material development, evaluation, improvement activities with suppliers
Provide technical support to Operations, QA, Procurement, Engineering & other departments, in identifying/solving product design & manufacturing issues

About You

A minimum of 3 years’ demonstrated successful work experience in food product development or food science related area
Robust working knowledge of food laws and regulations, including nutritional facts development, ingredient declarations, & maintaining R&D documentation
Working knowledge of statistical process control concepts paired with general knowledge of mathematical, scientific weights & measures
Good understanding of food manufacturing operations and production capabilities
Curious about trends, ingredients & new food product introductions
Ability to interpret consumer research data and apply to product development
Exceptional planning & organising skills paired with effective interpersonal skills
If you have a deep interest in food science & have strong analytical thinking skills, this role could be the next feather in your cap!

McCain It's All Good™ is our philosophy. As a food manufacturer, our business is driven by good people, making good food, from good ingredients – and the result is food that makes people feel good. But McCain It's all good ™ is not just about the food we make, it's about how we conduct ourselves in every aspect of our business. From farmer and customer relationships to sustainable agricultural processes – we strive to make every element of our business good. The McCain It's all good ™ philosophy underpins everything we do.

McCain Foods is an equal opportunity employer that welcomes and encourages applications from people with disabilities. Accommodations, up to the point of undue hardship, are available on request for candidates taking part in all aspects of the recruitment process.

Job Family: Research & Development
Division: Global Research and Development
Department: R and D ANZ
Location(s): AU - Australia : Victoria : Ballarat
Company: McCain Foods (Aust) Pty."
Data Analyst - PACE Tribe,ANZ Banking Group,Melbourne VIC,https://au.indeed.com/rc/clk?jk=c46f388a06a52540&fccid=82e2c70af47d511b&vjs=3,4.1,None,"Requisition Title -
Data Analyst - PACE Tribe
Job Number: - AUS122924
Description

Job Title: Data Analyst
Location: Docklands, Melbourne
Help shape the future as we leverage data to flip traditional banking on its head
Collaborate with talented teams of data scientists, engineers and analysts
Join a progressive organisation with the people and policies you want
At ANZ our purpose is to shape a world where people and communities thrive and to achieve this, we need a talented Data Analyst to join our Partnerships and Customer Engagement Tribe (PACE). The PACE tribe sits within our Australia Retail & Commercial division and our purpose is to deliver whole of customer and whole of bank strategic insights, propositions and engagements, leveraging our unique partnerships.


As a Data Analyst, you deeply understand the power of data to generate quality customer insight, manage information, identify trends and make decisions. In PACE you will be working on a variety of analytical challenges in support of “whole of customer” engagement initiatives.

What a typical day might look like
Collaboration with tribe/squad colleagues and a broad range of internal and external stakeholders to deliver prioritised tribe epics
Address and solve complex business issues using large amounts of data
Have a clear understanding of the end-to-end analytics journey as well as define and deliver data/analytics capability uplift aligned to tribe goals
Implement a fact-based culture throughout the bank.
Continuous generation, monitoring, presenting and conducting of 'fact-based' analysis of relevant customer insights to use at any time for the development and optimisation of innovative propositions and customer enagement programs
Generate, monitor, present and analyse relevant customer insights, costs, benefits, and risks for customers, clients and cohort products; this could include business casing, “what if?” scenarios and opportunity sizing & assessments
Develop tools and methods to fully profile customers and customer segments
Source data from a variety of sources to combine, synthesise and analyse to generate insights and create compelling visualisation and narrative to tell the analytics story
Lead, optimise, design and execute business interventions (customers and operational) to uplift customer engagement and business performance
Focusing on personal learning and growth and supporting others with theirs

What will likely be in your toolkit?
Strong communication and presentation skills
Hands-on knowledge and experience with tools and techniques for analysis, data manipulation and presentation (e.g. SAS, SQL, Tableau, VBA, QlikView BI)
Analytical and inquisitive mindset to continuously improve the levels of insight
Strong ability to translate data insights into practical business recommendations
Strong data visualisation skills
Ability to effectively communicate to all stakeholders (technical and non-technical)
You’re not expected to have 100% of these skills. At ANZ a growth mindset is at the heart of our culture and we actively encourage people to try new things. So if this role interests you and you feel you have most of these things in your toolbox, we’d love to hear from you.

About ANZ
We’re reinventing the way we do banking, and our community of collaborative, innovative thinkers who create human centred solutions are helping us get there. We’re responding faster to changing customer requirements, focusing on the things that matter and helping people achieve incredible things – be it buying their home, building a business or saving for things big or small.
We support our people by providing a range of flexible working options so they can work in the way that best suits them. We encourage you to talk to us about your need for flexibility and any adjustments you may require to our recruitment process or the role itself.
We’ll also offer you the opportunity to develop your career, working in a diverse and inclusive workplace where the different backgrounds, perspectives and life experiences of our people are celebrated and create a great place to grow, thrive and belong.
Interested in joining us? Click Apply now, or visit www.anz.com/careers to find out more or view other opportunities.
Reference number AUS122924
#GD4.2"
2021 IBM Graduate Program - Ballarat,IBM,Ballarat VIC,https://au.indeed.com/rc/clk?jk=052bb13d0f521582&fccid=de71a49b535e21cb&vjs=3,3.9,None,"Introduction
IBM is a global cognitive and cloud company changing the way the world works. We foster a culture of creative, innovative thinkers; people who are curious about how technology can transform businesses and impact the world. We cultivate a diverse, inclusive, global team of people who want to pioneer, reimagine and disrupt the future. We’re driven to stay ahead in the marketplace to be essential to our clients, and this begins with our talent.

Your Role and Responsibilities
Here’s where you come in. We’re looking for passionate, original thinkers to join us as part of our graduate consultant program; The IBM Services Associate Program.

Get access to the latest education, tools and technology including training and certification tailored to your role.
Be supported by a network of fellow graduates, experienced professionals, mentors and global communities.
Work in diverse teams that champion inclusion and a culture of giving back.

These are full time permanent positions starting in March/July 2021, based in Ballarat.

As an Associate, you’ll be a part of client-facing teams helping businesses change the way they work. We are looking for graduates to join us the following roles:

Consultant - use consulting skills, business acumen, and technical knowledge to effectively integrate technology into the clients' business environment.
Developer - design, develop, and integrate solutions using future-looking technologies, techniques, and products our clients demand today.
Project Manager - ensures that client needs are satisfied through the formulation, development, implementation and delivery of application solutions.
Data Scientist - solve business problems by preparing, analysing, and understanding data to deliver insights.
Test Specialist – design, build and execute testing as an integral part of the delivering the right system to our clients and that it is built right.

What skills and experience do I need to be successful in this role?

At IBM we are interested in candidates who have a passion for technology. For our technical roles the following degrees are well-aligned: Software Engineering, Computer Science, Information Technology, Engineering, other degrees with a technical focus.
For our business roles we will consider all degrees including Business Information Systems, Business Management, Finance, Commerce, Economics.
Ability to work collaboratively as part of a team, as well as working independently when required.
A growth mindset, and commitment to continuous learning and personal development.
Ability to thrive in an ever changing, technology-based consulting environment.

We encourage you to apply if you:
Are in your final year of tertiary education OR have graduated from an Australian University no earlier than 2019,
Have less than 2 years relevant full-time work experience,
Maintain a credit average, and
Are an Australian Citizen.

Don’t wait to apply, we recruit on a rolling basis.

IBM welcomes applications from people of all backgrounds. If you require accommodations or adjustments, we encourage you to make us aware so that we can support you through the application process.

Our process includes Talent Acquisition reviewing applications, selecting candidates to complete online cognitive assessments (invitation received via email), then shortlisting candidates to complete the interview process.
It is helpful if you upload your CV, Academic Transcript (unofficial is acceptable) and Right-To-Work documents (Australian Passport or Birth Certificate/Photo ID).



Required Technical and Professional Expertise
As Above

Preferred Technical and Professional Expertise
As Above

About Business Unit
IBM Services is a team of business, strategy and technology consultants that design, build, and run foundational systems and services that is the backbone of the world's economy. IBM Services partners with the world's leading companies in over 170 countries to build smarter businesses by reimagining and reinventing through technology, with its outcome-focused methodologies, industry-leading portfolio and world class research and operations expertise leading to results-driven innovation and enduring excellence.

Your Life @ IBM
What matters to you when you’re looking for your next career challenge?

Maybe you want to get involved in work that really changes the world? What about somewhere with incredible and diverse career and development opportunities – where you can truly discover your passion? Are you looking for a culture of openness, collaboration and trust – where everyone has a voice? What about all of these? If so, then IBM could be your next career challenge. Join us, not to do something better, but to attempt things you never thought possible.

Impact. Inclusion. Infinite Experiences. Do your best work ever.

About IBM
IBM’s greatest invention is the IBMer. We believe that progress is made through progressive thinking, progressive leadership, progressive policy and progressive action. IBMers believe that the application of intelligence, reason and science can improve business, society and the human condition. Restlessly reinventing since 1911, we are the largest technology and consulting employer in the world, with more than 380,000 IBMers serving clients in 170 countries.

Location Statement
For additional information about location requirements, please discuss with the recruiter following submission of your application.

Being You @ IBM
IBM is committed to creating a diverse environment and is proud to be an equal opportunity employer. All qualified applicants will receive consideration for employment without regard to race, color, religion, gender, gender identity or expression, sexual orientation, national origin, genetics, disability, age, or veteran status. IBM is also committed to compliance with all fair employment practices regarding citizenship and immigration status."
Computational Scientist,Australian Bureau of Meteorology,Melbourne VIC,https://au.indeed.com/rc/clk?jk=b2a3289cb697c9f6&fccid=248d20ccb33ad238&vjs=3,3.6,"$80,665 - $91,713 a year","APS Level 6, Ongoing
$80,665 to $91,713 + 15.4% super
Melbourne
The Post-processing and Downstream Data Services Unit in the Research to Operations (R2O) program is responsible for the development of customised data and forecast services. The role of this team is to design and develop high quality systems to process outputs from climate, ocean and water models and create targeted services allowing fast data access and visualisation for a range of Bureau customers and research partners.

We are looking for a web developer to design sophisticated data access software services to support the seamless access and visualisation of large terabyte data stores of research and operational products. The successful candidate will be familiar with cloud technologies and scientific computing workflows. In addition, the candidate will contribute to the maintenance, monitoring and support of the systems to ensure a high standard of product delivery to Bureau customers and research partners.

The successful candidate will have highly developed professional skills, and will be experienced in working collaboratively in teams, as well as taking responsibility for critically important operational work.
Position description - PDF Opens in new window
Position description - Word Opens in new window"
Customer Care Operator - Call Center/Data Entry,Murdoch Childrens Research Institute,Parkville VIC,https://au.indeed.com/rc/clk?jk=575a5b130f21fb3b&fccid=936b29a9c6fa4576&vjs=3,4.6,"$60,337 - $66,617 a year","Who Are We?
Victorian Clinical Genetics Services (VCGS) is a not-for-profit subsidiary of the Murdoch Children's Research Institute www.mcri.edu.au and provides a wholly integrated genetic testing, diagnostic and counselling service for health professionals, patients and their families across Victoria, Australia and globally. Our clinical geneticists and genetic counsellors work in close consultation with our medical scientists to provide the most accurate interpretation for complex genetic tests. VCGS also plays a pivotal role in research and development, driving translational research and policy development in the field of genetics.
The Customer Care Group sits under the Laboratory Services Unit and provides Pre- and Post- Analytical support services to the diagnostic arm of VCGS. Customer Care consists of specimen reception, data entry, liaison and co-ordination, clerical admin and call centre. Tens of thousands of Specimens are received into the Specimen Reception each year, and they are processed in the laboratories by using a combination of manual and instrumentation automated workflows.
The Opportunity:
As our Customer Care Operator (Call Centre Data entry) you will have a key role answering and logging phone enquiries and requests in a timely, professional manner and completing data entry for all requests received.
You have excellent communication skills and a proven ability to build rapport as this role will predominately see you logging incoming and outgoing calls into the Labware LIMS call centre module and duties working in phone reception.
You will have previous experience in a similar role collating data, answering queries as well as process improvement.
You have an eye for detail with a natural disposition for time management as you will be working on various tasks across five subdivision in the Customer Care Group.
Part of your role will see you working with scientists and supporting the wider team. You embody service excellence and have the ability to build relationships with a variety of stakeholders.
Your responsibilities include but are not limited to:
Answering the phone, effectively and efficiently and in a courteous and helpful manner
Dealing with report requests from doctors, clinics and at times patients.
Developing a thorough understanding of the differences in all the Labs, their “release of patient information” (reporting) rules.
Dealing with external phone or email enquiries regarding samples and test results and/or direct calls appropriately and logging these communication into Labware
Completing data entry for all labs within VCGS serviced by the Customer Care Group Post-test administration, i.e. report generation and distribution
Word processing and data input – knowledge of Labware LIMS, Word, Excel and Outlook
Courier bookings for sample pickup
Train other staff in your designated responsibilities as required to ensure appropriate back up
You Demonstrate :
Clerical qualifications advantageous
Experience in a Customer service role
Experience in a Healthcare Service Industry, with an understanding of related issues within the environment is advantageous
A conscientious and responsible approach to laboratory support work
Critical eye for detail
High volume data entry processing with a high degree of accuracy demonstrated ability to assist and support change.
Ability to work to a high standard of speed and accuracy as is required in a diagnostic laboratory
Ability to manage time effectively, problem identify and solve, prioritize tasks/workload
Effective written and verbal communication skills
Ability to work independently or within a team as required
General computer skills including familiarity with standard word processing programs
A strong work ethic
Working with Children & National Police Clearance (if appointed) in compliance with the Victorian Governments Child Safety Standards
Your right to reside and work in Australia and you meeting any applicable visa conditions
On Offer
12 month full contract available
Salary range is $60,337- 66,617 pa + super
Benefits include : salary packaging , childcare, Employee Assistance Program, mindfulness sessions, gym, and bike storage
Apply Now
Indeed Website Please Note ALL Applications must come via MCRI Careers only. Direct application via email does not apply. www.mcri.edu.au/careers
For a full list of responsibilities and the key selection criteria download the position description .
Only applicants who address the key selection criteria will be considered; placing key selection criteria responses at the end of your cover letter.
Click apply to proceed with your application.
Closing Date : 4 December 2020
Position Reference : 23533
VCGS is a proud member of the Australian Network on Disability. Should you require any specific support or adjustments please talk to us and we will be happy to accommodate.
Please note: Applications via recruitment agencies will not be accepted for this position
For specific questions not answered in the PD please contact Christia Finn

christia.finn@vcgs.org.au"
